Freq,Word
100,a
55,python
55,and
29,program
21,chapter
21,core
17,book
11,function
10,with
9,type
9,code
8,development
8,feature
8,operator
7,language
7,module
7,string
7,that
7,all
7,new
7,use
7,syntax
7,built-in
6,object
6,number
6,standard
6,internet
6,for
5,example
5,style
5,include
5,environment
5,provide
5,application
5,exercise
4,part
4,who
4,network
4,developer
4,this
4,web
4,loop
3,argument
3,regular
3,publisher
3,easy
3,interactive
3,input
3,dictionary
3,sequence
3,any
3,introduction
3,documentation
3,list
3,coverage
3,limit
3,more
3,you
3,complete
3,topic
3,script
3,source
3,expression
3,error
3,learn
3,statement
3,exception
3,hall
3,extend
3,method
3,yet
3,welcome
3,file
3,output
3,class
2,service
2,other
2,how
2,first
2,their
2,deliver
2,distribution
2,support
2,into
2,attribute
2,experience
2,are
2,different
2,can
2,snippet
2,get
2,socket
2,system
2,saddle
2,management
2,today
2,technical
2,object-oriented
2,obtain
2,series
2,right
2,interpreter
2,present
2,memory
2,content
2,final
2,advance
2,software
2,river
2,conditional
2,table
2,variable
2,release
2,upper
2,binary
2,information
2,real
2,print
2,start
2,found
2,plus
2,assignment
2,library
2,also
2,like
1,execute
1,contact
1,focus
1,most
1,company
1,internal
1,dozen
1,several
1,congress
1,client-server
1,invocation
1,extendible
1,import
1,reading
1,window
1,rapid
1,fast
1,compare
1,every
1,complex
1,numerous
1,trademark
1,introduce
1,concept
1,some
1,concise
1,overload
1,will
1,than
1,enter
1,following
1,computer
1,which
1,teach
1,parent
1,review
1,when
1,block
1,various
1,particular
1,unsupported
1,corporate
1,extensive
1,hammering
1,hype
1,unbiased
1,wonder
1,form
1,know
1,float
1,reference
1,need
1,edition
1,from
1,optional
1,integer
1,important
1,private
1,international
1,sale
1,combine
1,mackintosh
1,fax
1,step-by-step
1,install
1,only
1,home
1,fact
1,mark
1,guide
1,japan
1,without
1,herein
1,robust
1,java
1,delegation
1,simple
1,detail
1,handle
1,section
1,keyword
1,organization
1,caller
1,permission
1,relate
1,what
1,execution
1,quantity
1,intermediate
1,run
1,its
1,understand
1,inheritance
1,procedural
1,insight
1,along
1,range
1,department
1,comprehensive
1,product
1,discount
1,copyright
1,emulation
1,hundred
1,comment
1,try
1,while
1,scope
1,engineer
1,history
1,soar
1,objective
1,point
1,exist
1,date
1,want
1,popularity
1,well
1,unite
1,restrict
1,operate
1,life
1,mention
1,state
1,datum
1,inter
1,chart
1,title
1,let
1,show
1,skill
1,develop
1,convention
1,categorize
1,education
1,sample
1,write
1,likely
1,instance
1,everybody
1,phone
1,ease
1,compile
1,front
1,author
1,target
1,acknowledgment
1,they
1,functional
1,nomenclature
1,power
1,mean
1,someone
1,hello
1,lake
1,world
1,may
1,positional
1,wife
1,leverage
1,cutting-edge
1,live
1,professional
1,reproduce
1,glimpse
1,street
1,bibliographical
1,one
1,trainer
1,time
1,interface
1,offer
1,reserved
1,pick
1,basic
1,guideline
1,writing
1,respective
1,such
1,demonstrate
1,bulk
1,page
1,platform
1,popular
1,indentation
1,open
1,order
1,index
1,clear
